<keymap>
	<map context="ForecaActions">
		<key id="KEY_UP" mapto="up" flags="m"/>
		<key id="KEY_DOWN" mapto="down" flags="m"/>
		<key id="KEY_LEFT" mapto="left" flags="m"/>
		<key id="KEY_RIGHT" mapto="right" flags="m"/>
		<key id="KEY_UP" mapto="upRepeated" flags="r"/>
		<key id="KEY_DOWN" mapto="downRepeated" flags="r"/>
		<key id="KEY_LEFT" mapto="leftRepeated" flags="r"/>
		<key id="KEY_RIGHT" mapto="rightRepeated" flags="r"/>
		<key id="KEY_RED" mapto="red" flags="b"/>
		<key id="KEY_RED" mapto="shift_red" flags="l"/>
		<key id="KEY_GREEN" mapto="green" flags="m"/>
		<key id="KEY_YELLOW" mapto="yellow" flags="m"/>
		<key id="KEY_BLUE" mapto="blue" flags="m"/>
		<key id="KEY_1" mapto="1" flags="m"/>
		<key id="KEY_2" mapto="2" flags="m"/>
		<key id="KEY_3" mapto="3" flags="m"/>
		<key id="KEY_4" mapto="4" flags="m"/>
		<key id="KEY_5" mapto="5" flags="m"/>
		<key id="KEY_6" mapto="6" flags="m"/>
		<key id="KEY_7" mapto="7" flags="m"/>
		<key id="KEY_8" mapto="8" flags="m"/>
		<key id="KEY_9" mapto="9" flags="m"/>
		<key id="KEY_0" mapto="0" flags="m"/>
		<key id="KEY_NEXT" mapto="next" flags="m"/>
		<key id="KEY_PREVIOUS" mapto="previous" flags="m"/>
		<key id="KEY_VOLUMEUP" mapto="volumeUp" flags="m"/>
		<key id="KEY_VOLUMEDOWN" mapto="volumeDown" flags="m"/>
		<key id="KEY_OK" mapto="ok" flags="m"/>
		<key id="KEY_CHANNELUP" mapto="nextBouquet" flags="m"/>
		<key id="KEY_CHANNELDOWN" mapto="prevBouquet" flags="m"/>
		<key id="KEY_TEXT" mapto="text" flags="m"/>
		<key id="KEY_MENU" mapto="menu" flags="m"/>
		<key id="KEY_EXIT" mapto="cancel" flags="m"/>
		<key id="KEY_HOME" mapto="cancel" flags="m"/>
		<key id="KEY_INFO" mapto="showEventInfo" flags="m"/>
		<key id="KEY_INFO" mapto="info" flags="b"/>
		<key id="KEY_HELP" mapto="contextMenu" flags="m"/>
		<key id="\x1b" mapto="cancel" flags="m"/>
		<key id="KEY_TV" mapto="tv" flags="b"/>
		
		<key id="KEY_BACK" mapto="backspace" flags="mr" />
		<key id="KEY_LAST" mapto="backspace" flags="mr" />
		<key id="KEY_STOP" mapto="stop" flags="mr" />
		<key id="KEY_BACKSPACE" mapto="backspace" flags="mr" />
		<key id="KEY_PLAYPAUSE" mapto="playpause" flags="mr" />
		<key id="KEY_PLAY" mapto="play" flags="mr" />
		<key id="KEY_PAUSE" mapto="pause" flags="mr" />
		<key id="KEY_DELETE" mapto="delete" flags="mr" />
	</map>
</keymap>
